{
  "evaluation_metrics": {
    "accuracies": {
      "1": 0.104,
      "3": 0.291,
      "5": 0.484
    },
    "total_samples": 1000,
    "correct_predictions": {
      "1": 104,
      "3": 291,
      "5": 484
    },
    "similarity_stats": {
      "mean": 0.000459833798231557,
      "std": 0.0016534551978111267,
      "min": -0.007450602948665619,
      "max": 0.008949298411607742
    }
  },
  "demonstration_samples": [
    {
      "query_idx": 